Id,地震位置,震级,地震时间,来源,震中经度,震中纬度,震源深度
1,唐山,2,1970/1/1 12:55,中国地震台网正式测定,-108.129762,43.885385,20
2,唐山,3,1970/1/1 12:55,中国地震台网正式测定,-104.151753,43.81564,21.5
3,唐山,4,1970/1/1 12:55,中国地震台网正式测定,-104.426962,43.985016,21.3
4,唐山,5,1970/1/1 12:55,中国地震台网正式测定,-104.219101,43.850435,13
5,唐山,6,1970/1/1 12:55,中国地震台网正式测定,-104.624248,44.100938,14.6
